Date;Allianz SE;BASF AG;Bayer AG;Beiersdorf AG;BMW AG;Commerzbank AG;Daimler AG;Deutsche Bank AG;Deutsche Lufthansa AG;E.ON SE;HeidelbergCement AG,;Henkel KGaA Pfd.;K+S AG;Linde AG;MAN AG;Muenchener Rueckversicherungs-Gesellschaft AG;RWE AG;Siemens AG;ThyssenKrupp AG;Volkswagen AG Pfd.;Germany, Equity Indices, DAX, Total Return, Close, EUR
01.01.1990;90.89;7.95;15.35;5.31;7.21;87.98;36.95;36.61;10.53;7.16;38.61;11.59;2.3;37.66;22.05;48.48;21.21;24.43;20.44;20.6;1822.7
01.02.1990;85.44;7.81;14.82;5.81;8.46;86.8;38.37;34.75;10.4;7.21;35.66;12.22;2.55;36.73;21.64;42.75;20.84;24.39;20.05;20.56;1809.9
01.03.1990;97.04;7.99;15.34;6.23;8.41;89.48;42.1;37.67;10.26;7.67;39.8;14.17;3.13;42.47;26;46.84;23.91;26.62;22.7;24.03;1968.5
01.04.1990;90.11;7.66;14.48;6.15;7.8;80.92;36.33;34.15;8.59;7.34;36.01;13.07;2.99;39.94;24.42;40.71;23.16;24.36;20.99;21.76;1813.2
01.05.1990;95.92;7.55;14.24;6.32;8.08;81.65;36.4;35.57;8.25;6.99;36.35;12.88;3.15;42.09;24.53;44.66;23.73;23.88;22.7;23.42;1844.8
01.06.1990;104.16;6.96;13.39;6.87;7.9;82.62;37.54;36.41;8.28;7.22;35.38;13.41;3.3;43.35;24.22;46.64;24.57;24.76;21.22;24.54;1879.9
01.07.1990;112.7;6.98;13.65;7.3;7.84;90.92;38.46;37.53;7.67;6.83;38.97;14.08;3.24;44.32;23.66;55.54;23.61;24.92;22.6;23.33;1919.12
01.08.1990;95.73;6.01;11.69;6.9;6.58;77.24;30.78;31.34;6.25;5.74;32.89;12.69;2.41;36.77;18.42;47.76;20.47;20.54;17.01;18.61;1629.51
01.09.1990;75.68;5.01;9.55;5.54;5.11;64.88;25.14;25.87;5.17;4.75;26.2;11.36;1.76;31.09;16.79;36.92;17.01;16.99;12.77;15;1334.89
01.10.1990;83.4;5.06;9.77;5.78;5.66;66.2;26.12;27.44;5.53;5.04;30.4;12.35;1.81;34.85;18.78;45;19.93;19.44;14.01;14.31;1433.82
01.11.1990;83.99;5.23;10.22;6.31;5.56;69;25.66;27.76;5.32;4.86;30.96;12.25;1.63;34.46;19.01;46.74;20.97;19.72;14.06;13.66;1441.23
01.12.1990;80.72;4.99;10.33;6.25;5.25;67.41;24.43;27.22;5.39;4.83;27.5;10.56;1.67;34.15;17.91;46.95;18.32;19.32;12.96;13.66;1398.23
01.01.1991;86.16;5.41;11.35;5.73;5.31;72.09;24.36;27.76;4.88;5.11;24.46;9.93;1.61;32.97;17.35;48.28;18.13;19.75;12.32;13.15;1420.08
01.02.1991;95.62;5.95;12.65;6.22;6.46;78.42;27.25;29.93;6.21;5.53;27.64;11.07;1.81;35.12;19.23;51.14;20.1;20.75;15.48;14.72;1542.09
01.03.1991;87.34;5.89;12.84;6.2;7.04;77.33;28.23;27.97;6.37;5.13;27.92;11.59;2.06;34.46;19.17;48.07;18.52;19.45;17.1;13.93;1522.8
01.04.1991;91.21;6.48;13.57;6.69;7.58;76.73;31.05;29.43;6.33;5.47;32.84;12.28;2.04;35.64;19.79;48.07;19.46;19.96;17.31;14.86;1605.79
01.05.1991;98.98;6.65;14.13;6.52;7.72;79;33.8;31.03;6.21;6.22;32.06;12.77;1.88;37.13;19.9;54.21;20.94;21.45;16.69;15.51;1704.11
01.06.1991;88.72;5.93;12.88;6.18;7.25;71.35;33.27;28.79;6.21;5.63;30.96;11.74;2.02;35.73;19.64;51.55;19.68;21.02;16.35;15.67;1622.18
01.07.1991;86.04;6.15;13.42;6.26;7.64;74;32.62;28.91;6.5;5.55;30.51;12.04;2.1;34.9;19.07;53.8;18.91;21.54;17.06;13.98;1622.31
01.08.1991;81.74;6.38;13.64;6.39;8.03;74.06;33.55;29.77;7.19;5.8;29.63;12.12;2.13;35.77;18.95;50.12;18.79;21.98;18.93;15.07;1650.5
01.09.1991;79.73;6.36;13.89;6.47;7.44;70.03;31.48;29.25;7.41;5.7;30.21;11.55;1.97;35.77;19.49;47.36;18.82;21.1;19.35;14.05;1607.03
01.10.1991;79.97;6.03;13.94;7.06;7.05;73.26;30.38;29.67;7.02;5.66;29.14;11.45;1.98;32.93;18.32;46.74;19.06;20.31;16.73;13.43;1582.06
01.11.1991;83.99;5.86;13.16;6.98;7.21;71.3;31.56;29.93;7.16;5.79;27.09;11.47;1.72;31.5;17.2;47.05;19.51;20.14;16.41;12.27;1566.57
01.12.1991;82.34;5.61;13.36;6.65;7.23;72.82;33.03;30.57;7.7;5.82;25.9;10.92;1.69;29.95;17.33;47.67;18.97;20.6;15.93;12.45;1577.98
01.01.1992;90.26;6.29;14.37;6.94;8.06;76.5;33.18;32.01;8.54;6;29.05;12.22;1.8;33.36;17.81;54.46;19.02;21.83;16.44;13.43;1687.49
01.02.1992;94.52;6.43;14.39;6.91;8.57;78.71;33.7;33.4;7.77;6.13;29.17;12.81;1.78;36.17;19.28;55.48;19.96;22.73;16.7;14.56;1745.13
01.03.1992;89.84;6.22;14.27;6.81;8.75;75.03;33.6;32.5;7.22;6.25;28.58;13.23;1.68;36.08;19.08;55.48;19.39;22.18;16.43;14.4;1717.86
01.04.1992;87.78;6.43;13.37;6.81;8.78;77.76;34.78;32.21;7.41;6.39;26.8;12.99;1.85;36.99;19.45;53.02;19.63;22.59;16.18;15.05;1734.03
01.05.1992;94.42;6.37;14.23;6.83;9.36;76.27;36;32.27;6.35;6.7;28.58;13.13;1.76;37.92;20.41;52.2;20.42;23.09;17.72;16.09;1803.22
01.06.1992;94.92;6.15;13.53;6.5;8.96;74.29;33.75;31.53;6.09;6.41;28.58;13.11;1.71;36.47;19.5;52.09;20.55;21.95;16.89;14.86;1752.63
01.07.1992;76.89;5.7;12.81;6.48;8.36;69.88;30.38;29.06;5.24;6.13;24.71;12.58;1.55;33.1;16.84;46.65;18.94;20.62;15.35;13.84;1615.42
01.08.1992;71.35;5.39;13.03;5.92;7.73;64.99;27.76;27.93;4.93;5.97;25.21;12.02;1.32;32.84;15.24;44.14;18.87;19.6;14.96;13.08;1541.25
01.09.1992;71.64;5.25;12.26;5.7;7.1;68.71;25.01;29.03;4.63;5.81;24.71;11.92;1.25;30.8;13.1;48.29;18.58;18.97;12.38;11.25;1466.36
01.10.1992;77.47;5.32;12.59;5.5;7.4;70.85;23.65;29.85;4.91;5.64;24.02;12.44;1.26;30.17;12.85;50.96;19.58;18.4;10.83;10.65;1492.32
01.11.1992;81.63;5.33;12.17;5.72;7.59;72.53;24.23;30.84;4.88;5.7;24.05;12.55;1.29;30.43;13.64;50.76;20.13;19.87;12.25;10.42;1544.34
01.12.1992;81.34;5.34;12.85;5.71;7.42;71.8;23.92;29.7;4.91;5.9;24.56;11.67;1.18;30.17;13.69;53.43;19.76;19.59;9;9.78;1545.05
01.01.1993;86.3;5.42;12.81;5.53;7.63;76.12;25.44;29.19;5.43;6;26.64;11.34;1.25;32.27;15.14;54.35;19.73;19.94;7.32;10.86;1571.85
01.02.1993;94.8;5.93;13.14;6.03;7.52;83.3;26.65;32.01;5.52;6.28;29.5;12.08;1.45;33.72;14.73;59.63;20.64;21.81;6.63;10.74;1684.35
01.03.1993;92.05;6.13;13.37;6.34;7.26;90.33;27.67;32.58;5.39;6.21;30.96;11.67;1.47;34.22;14.7;60.31;19.99;21.4;8.03;12.03;1684.21
01.04.1993;89.3;5.69;12.41;6.43;7.08;86.92;25.56;31.66;5.14;6.29;31.11;11.17;1.62;31.4;12.98;62.47;19.93;20.35;7.83;12.55;1627.19
01.05.1993;89.34;5.85;12.73;6.31;6.92;85.13;24.7;30.9;4.8;6.1;34.2;11.02;1.67;31.53;13.59;66.17;19.84;19.96;7.64;12.06;1631.85
01.06.1993;89.55;6.06;13.18;6.19;7.81;89.58;27.26;31.4;5.68;6.16;32.15;11.18;1.66;32.91;14.34;62.63;19.92;20.43;7.8;13.8;1697.63
01.07.1993;94.13;6.39;13.93;6.65;8.3;93.02;29.4;33.65;6.11;6.5;32.74;11.38;1.65;36.08;15.82;63.7;21.35;21.39;9.1;13.43;1803.23
01.08.1993;108.21;6.59;14.5;6.48;8.73;96.32;33.53;36.3;7.24;6.78;33.19;11.88;1.67;36.82;16.74;70.28;22.14;22.36;8.8;14.28;1944.89
01.09.1993;107.46;6.55;14.63;6.37;8.57;92.88;32.98;35.48;7.78;7.07;32.44;11.99;1.64;34.92;16.1;69.25;22.49;22.02;8.52;13.89;1915.71
01.10.1993;118.95;7.09;15.38;6.77;9.6;102.35;33.51;38.6;7.6;7.66;37.5;12.92;1.7;36.82;16.77;82.2;24.25;23.91;9.67;15.14;2069
01.11.1993;119.12;6.93;15.88;7.2;9.31;107.23;31.74;38.67;8.18;7.44;34.68;12.54;1.7;36.17;18.67;78.29;23.9;23.86;9.32;15.28;2057.77
01.12.1993;122.79;7.82;17.8;7.24;11.02;117.26;37.57;40.48;8.54;8.52;36.39;13.39;1.81;41.51;21.27;77.98;27.35;26.34;10.05;16.85;2266.68
01.01.1994;117.83;7.71;17.78;7.24;11.29;113.56;36.06;38.26;9.13;8.38;41.06;13.55;1.88;39.23;20.8;72.13;25.21;23.87;11.34;17.13;2177.45
01.02.1994;106.21;7.64;17.52;7.12;12.69;104.18;36.06;36.89;8.42;7.85;41.68;12.9;1.84;37.68;21.65;68.84;23.11;22.58;11.8;16.57;2091.57
01.03.1994;106.33;8.09;17.96;7.67;12.65;107.51;38.11;36.09;9.81;7.92;40.78;13.29;1.78;38.31;21.8;65.76;22.4;22.96;13.15;18.42;2133.11
01.04.1994;107.04;8.38;18.85;8.08;13.74;108.57;39.97;35.5;10.13;8.39;38.91;14.02;1.75;41.9;23.41;73.26;24.01;24.67;14.12;19.26;2245.98
01.05.1994;103.78;7.96;17.47;8.1;13;102.07;35.8;33.56;9;8.24;39.5;12.92;1.78;39.32;21.12;66.27;23.21;23.04;13.86;17.57;2127.7
01.06.1994;101.32;7.72;16.58;7.84;12.33;97.98;32.55;31.23;8.85;8.14;37.98;12.34;1.61;39.19;20.06;64.58;21.17;21.34;13.43;16.99;2025.34
01.07.1994;105.94;8.09;17.36;8.56;13.71;102.07;36.01;33.4;9.81;8.48;36.55;12.55;1.69;40.5;22.29;67.29;22.63;22.46;13.86;18.17;2151.96
01.08.1994;107.02;8.47;18.28;9.03;13.1;101.31;37.61;33.47;10.15;9.1;38.73;13.13;1.82;41.29;22.44;64.24;24.29;23.32;14.81;18.12;2212.85
01.09.1994;97.1;7.8;16.82;8.65;11.92;92.33;33.23;30.82;9.02;8.4;39.53;11.92;1.76;38.09;20.05;63.12;23.1;20.89;12.64;15.74;2011.75
01.10.1994;99.55;8.14;16.93;8.9;12.25;95.71;34.71;33.83;9.27;8.23;39.13;12.44;1.91;39.39;20.73;62.44;23.57;20.76;12.57;16.3;2071.63
01.11.1994;103.31;7.78;16.54;8.73;11.94;97.92;33.34;33.83;9.9;8.41;39.04;11.47;1.97;39.23;21.47;63.34;23.11;20.16;12.83;15.72;2048.26
01.12.1994;107.45;8.17;17.47;8.52;12.18;99.5;34.22;32.87;9.72;8.81;38.88;11.93;2.38;39.63;21.57;65.37;22.22;21.44;13.8;15.76;2106.58
01.01.1995;99.55;8.15;16.91;8.35;11.59;96.47;31.21;31.53;9.52;8.37;34.22;11.26;2.29;39.45;20.45;56.8;21.31;21.74;14.38;14.07;2021.27
01.02.1995;108.83;8.18;17.23;8.22;11.99;101.92;31.84;32.76;9.99;8.55;35.62;11.89;2.17;39.63;20.81;60.64;23.89;22.39;14.48;14.05;2102.18
01.03.1995;102.62;7.1;16.25;8.33;10.88;97.23;27.95;29.66;8.7;8.14;31.11;10.75;2.07;33.3;16.79;56.24;23.03;21.39;12.74;12.66;1922.59
01.04.1995;109.57;7.87;16.41;9.22;11.23;101.01;28.5;31.04;9.15;8.42;34.22;11.24;2.18;36.68;17.48;62.33;23.78;22.23;13.15;13.88;2015.94
01.05.1995;110.47;7.73;16.42;9.03;12.04;101.01;30.74;31.6;9.49;8.77;36.55;11.34;2.24;38.12;19.15;63.34;24.41;22.2;13.54;14.05;2092.17
01.06.1995;111.11;7.55;16.55;9.37;12.03;100.04;28.51;30.68;9.97;8.87;36.7;11.24;2.22;37.66;18.14;68.3;24.57;22.68;12.9;14.12;2083.93
01.07.1995;118.95;8.19;17.9;9.71;12.93;103.58;30.08;31.22;11.07;9.39;37.42;11.97;2.54;40.28;19.9;69.2;25.54;24.13;13.54;15.88;2218.74
01.08.1995;118.5;8.39;18.26;9.43;12.92;100.34;32.6;31.01;10.79;9.16;34.76;11.8;2.51;40.53;20.76;66.72;25.92;24.7;13.74;15.72;2238.31
01.09.1995;115.98;7.99;17.51;9.29;12.38;98.29;31.61;31.06;9.94;9.26;32.13;11.38;2.27;39.64;20.36;65.59;24.98;23.82;13.2;15.65;2187.04
01.10.1995;117.28;7.9;18.01;8.01;11.94;98.53;30.47;29.07;9.76;9.43;30.11;11.07;2.19;39.73;20.76;65.87;25.62;24.38;12.16;14.86;2167.91
01.11.1995;125.74;8.1;18.11;8.61;12.32;101.16;31.95;30.98;9.57;9.63;30.28;11.43;2.28;38.95;20.79;63.92;26.74;24.95;11.35;15.78;2242.83
01.12.1995;125.88;8.17;18.21;8.39;11.62;102.52;32.42;31.03;9.85;9.94;30.79;11.37;2.16;38.44;19.74;74.89;26.59;25.93;11.54;16.09;2253.88
01.01.1996;130.52;9.08;21.41;9.67;13.38;105.63;36.93;33.93;11.13;10.81;32.49;12.33;2.36;41.29;22.38;77.65;29.83;27.9;12.48;18.68;2470.14
01.02.1996;126.87;9.39;21.58;9.94;13.06;101.61;36.44;33.82;11.46;11.29;33.02;12.08;2.56;40.56;21.12;72.48;31.23;27.7;12.84;18.93;2473.55
01.03.1996;123.49;10.19;24.2;10.14;12.2;102.82;36.06;33.93;11.66;11.71;33.46;11.59;2.54;41.75;20.71;73.81;30.3;26.84;12.7;17.41;2485.87
01.04.1996;118.41;10.69;23.72;10.99;13.07;100.25;37.65;33.5;12.1;12.42;32.33;12.37;2.6;42.99;20.83;66.72;30.37;27.69;14.28;18.01;2505.25
01.05.1996;113.99;10.84;24.54;12.02;13.28;96.17;37.45;32.71;11.79;13.05;34.39;13.52;2.87;45.01;20.05;64.92;30.81;28.27;15.48;19;2542.8
01.06.1996;118.63;11.12;25.86;12.78;13.95;95.26;36.57;32.87;10.72;13.2;35.72;13.87;2.85;45.47;19.27;75.37;30.32;26.86;15.09;19.33;2561.39
01.07.1996;121.83;10.11;23.82;11.84;13.05;103.37;35.19;34.05;10.49;12.23;34.49;11.21;2.57;42.58;18.27;79.09;26.9;25.67;14.19;17.55;2473.35
01.08.1996;118.68;11.27;25.46;11.56;13.57;103.28;36.16;33.37;10.49;12.67;33.63;10.37;2.27;42.26;18.88;81.65;27.56;25.83;14.15;19.07;2543.83
01.09.1996;121.29;12.27;26.94;12.49;13.81;105.4;37.68;32.83;10.84;13.04;36.44;11.32;2.17;44.78;20.05;83.05;29.45;26.58;15.65;19.81;2651.85
01.10.1996;122.37;12.38;27.54;13.05;14.01;102.5;39.91;32.02;9.87;13.18;38.32;11.58;1.84;43.06;18.75;86.89;31.87;25.85;15.38;21.27;2659.25
01.11.1996;126.28;14.55;29.78;13.09;15.77;114.33;45.1;33.47;9.87;14.68;38.36;13.05;1.95;42.9;18.44;88.69;34.77;24.48;15.51;21.9;2845.52
01.12.1996;126.06;15.16;30.22;12.97;16.97;118.24;47.6;32.83;10.47;14.52;42.6;13.17;1.51;43.17;18.98;92.29;33.34;23.95;16.06;22.89;2888.69
01.01.1997;137.09;15.16;29.93;14.32;16.59;125.51;51.86;37.3;11.02;14.79;47.56;14.18;1.73;47.35;20.96;91.21;35.43;26.54;16.86;27.82;3035.15
01.02.1997;147.89;15.92;34.28;15.65;17.96;131.31;54.98;40;11.16;15.77;47.56;15.34;1.86;50.52;21.96;101.53;38.7;28.19;17.4;29.77;3259.64
01.03.1997;155.1;16.11;33.39;15.17;21.35;145.15;59.9;42.87;12.04;15.41;49.89;15.65;1.82;53.97;24.37;104.17;38.07;29.7;20.96;33.66;3429.05
01.04.1997;151.27;17.08;33.15;15.01;22.42;140.48;57.74;41.73;12.04;14.56;48.35;16.02;1.71;58.1;25.39;100.69;36.81;30.98;20.54;39.72;3438.07
01.05.1997;162.75;16.11;31.87;15.51;22.12;151.83;59.04;43.24;13.56;15.77;54.75;16.43;1.96;53.97;24.88;104.41;37.22;31.82;20.31;38.89;3547.84
01.06.1997;164.33;16.48;32.25;15.34;22.82;149.41;63.54;46.76;16.67;16;56.45;16.87;2.04;61.32;27.32;117.37;38.35;34.2;21.99;45.37;3785.77
01.07.1997;211.6;18.06;37.24;15.1;23.69;190.51;69.51;56.85;18.47;17.45;59.09;17.47;1.88;62.47;28.21;165.85;41.82;42.31;21;47.64;4438.93
01.08.1997;179.73;15.83;31.95;12.42;20.24;189.33;60.61;48.17;18.05;16;50.62;15.53;2.04;55.81;25.19;128.41;41.67;36.56;24.89;44.91;3906.03
01.09.1997;191.92;16.31;33.85;13.72;23.79;192.64;65.47;56.8;17.34;16.85;53.07;16.97;2.04;56.59;28.38;142.81;43.74;39.42;23.63;42.45;4167.85
01.10.1997;172.89;15.18;29.11;12.61;19.72;179.27;51.86;51.5;15;15.69;53.9;15.25;1.87;47.77;26.41;120.49;38.24;35.05;21.31;36.2;3726.69
01.11.1997;187.74;15.95;31.4;12.61;20.83;187.84;56.08;51.64;16.7;17.1;51.94;18.47;1.59;50.48;26.76;132.25;44.2;34.2;23.21;37.13;3949.14
01.12.1997;209.8;16.3;32.33;13.29;21.27;216.97;56.67;57.98;17.2;19.99;48.18;19.34;1.77;50.43;26.51;162.73;49.34;35.18;21.34;35.74;4249.69
01.01.1998;245.36;15.84;33.06;14.96;23.09;203.79;57.57;54.29;16.45;20.63;50.81;18.58;1.62;50.06;24.98;179.89;52.28;36.91;20.47;36.25;4440.38
01.02.1998;257.29;16.89;36.8;14.62;28.94;201.33;66.73;56.91;17.42;19.87;50.62;20.03;1.75;55.16;27.78;197.53;51.31;36.88;21.28;40.97;4709.83
01.03.1998;255.97;21.03;40.71;15.46;32.34;204.68;76.33;63.54;19.41;21.41;54.2;22.91;2.63;61.64;31.34;192.01;50.87;40.89;21.22;53.69;5102.35
01.04.1998;252.99;20.43;38.4;16.19;31.31;212.06;78.67;63.06;21.28;19.36;58.71;23.86;2.59;56.91;30.89;196.81;46.68;34.68;21.02;54.45;5107.44
01.05.1998;258.49;21.14;41.04;18.58;35.82;221.59;89.82;70.13;22.23;19.13;67.37;27.27;3.11;60.63;36.13;194.53;48.42;38.05;23.41;54.86;5569.08
01.06.1998;275.67;21.92;44.94;19.6;35.89;210.56;90.3;69.67;22.66;19.81;64.36;30.42;2.76;56.95;35.82;215.06;54.61;36.38;21.99;63.61;5897.44
01.07.1998;292.4;20.9;38.83;19.68;33.78;206.84;92.6;63.92;24.33;17.14;55.25;27.78;3.03;55.99;34.3;208.18;49.85;43.63;20.63;56.34;5873.92
01.08.1998;231.9;18.02;31.85;16.02;25.76;156.32;80.9;50.09;21.68;14.51;54.38;24.03;2.52;47.31;26.43;166.55;43.2;37.82;16.44;44.89;4833.89
01.09.1998;237.41;16.18;30.36;15.85;21.14;138.51;71.12;39.4;16.46;14.2;41.59;21.57;2.41;44.78;27.38;179.2;39.65;30.49;13.57;38.86;4474.51
01.10.1998;260.32;17.95;32.38;16.87;22.95;152.6;65.37;47.03;17.95;15.1;44.41;24.12;2.64;41.34;27.48;184.31;45.91;32.9;14.83;39.78;4671.12
01.11.1998;279.8;16.41;33.49;18.92;25.76;171;81.45;47.8;18.5;15.34;47.05;24.46;2.88;44.19;24.47;189.66;45.89;38.97;14.99;44.23;5022.7
01.12.1998;280.03;16.26;33.46;19.6;25.43;161.53;84.11;44.77;18.35;16.27;48.93;25.39;2.8;47.08;24.93;196.22;46.66;35.51;14.51;42.44;5002.39
01.01.1999;289.53;16.25;31.67;20.17;24;157.63;91.7;44.52;18.09;16.73;44.54;20.17;2.68;40.07;23.64;204.49;41.9;40.41;13.62;42;5159.96
01.02.1999;247.49;15.78;30.35;22.5;25.31;153.44;85.15;42.46;19.55;15.51;45.64;24.33;2.9;45.99;24.72;174.81;39.7;37.15;16.9;35.8;4911.81
01.03.1999;252.78;16.95;32.65;22.83;23.35;166.03;80.6;42.55;19.74;15.55;41.59;22.67;2.95;47.52;25.83;177.86;41;39.99;18.19;37.1;4884.2
01.04.1999;270.26;20.73;37.83;21.67;26.08;183.41;93.45;50.19;21.35;16.57;47.19;24.97;3.03;52.55;29.36;180.71;43.3;45.22;20.57;39.75;5393.11
01.05.1999;231.54;18.7;35.29;21;23.48;158.83;83.5;45.99;19.6;17.37;56.68;21.72;2.89;50.13;29.5;154.08;42.1;41.86;18.34;34.35;5069.83
01.06.1999;241.13;21.43;38.02;21.5;25.65;176.51;84;53.97;17.14;18.2;58.89;22.07;3.44;52.19;32.94;170.72;44.89;48.32;21.2;35.85;5378.52
01.07.1999;223.2;21.15;37.7;20.67;28.46;185.8;71.1;54.02;16.72;18.32;68.46;21.83;3.26;58.21;30.65;171.2;39.6;49.94;21.67;32.7;5101.87
01.08.1999;223.47;21.45;38.72;21.23;30.05;203.19;71.4;58.85;17.84;19.25;70.3;22.83;3.51;51.92;31.85;171.01;40.85;51.42;21.97;32.7;5270.77
01.09.1999;242.56;20;35.24;21.83;26.5;215.77;64.7;57.35;16.75;16.42;59.04;19.67;3.13;46.8;28.16;180.43;38.95;50.1;18.74;29.75;5149.83
01.10.1999;259.5;21.38;36.61;21.33;30.3;217.27;74;62.23;19.5;16.41;55.34;21.5;3.2;47.56;31.45;207.34;38.3;55.14;22.36;33.7;5525.4
01.11.1999;260.62;22.98;39.52;22.33;26.5;193.3;67.6;59.72;21.31;15.48;53.35;20.83;3.14;47.37;30.15;196.88;37.9;64.67;25.94;26;5896.04
01.12.1999;298.94;25.5;44.23;22.22;30.3;218.47;77.2;76.51;22.52;15.4;57.55;21.83;3.33;51.86;37.12;239.49;38.9;81.59;30.07;31.8;6958.14
01.01.2000;302.08;21.93;37.34;21.73;23.6;192.7;66.7;70.26;20.91;13.73;52.94;19.1;3.27;44.5;33.84;258.7;32.75;91.02;25.89;28.7;6835.6
01.02.2000;324.67;23.68;40.7;20.83;26.6;221.77;70.4;79.75;22.59;14.81;43.16;18.13;3.08;40.83;34.43;276.58;34.7;119.84;24.9;23.7;7644.55
01.03.2000;381.41;24.8;44.14;24.5;32.95;236.75;68.4;63.37;23.25;17.05;43.46;20.07;3.28;42.69;38.02;319.57;37.4;97.23;25.59;27;7599.39
01.04.2000;379.62;23.78;42.87;23.83;29.25;249.34;64;67.43;22.38;17.35;47.74;21.1;3.47;40.4;35.53;305.31;35.4;104.85;22.86;24.2;7414.68
01.05.2000;346.9;21.7;38.91;27.67;32.3;235.85;58.1;75.55;25.64;17.56;46.12;20.57;3.76;42.02;37.12;299.6;39.4;102.59;18.19;27.7;7109.67
01.06.2000;340.63;21.23;38.4;29.33;31.6;223.56;54.95;78.84;23.89;16.41;47.67;20.17;3.77;39.82;31.9;316.24;35.2;101.75;16.7;24.55;6898.21
01.07.2000;363.04;22.2;42.54;35.33;37;229.56;57.25;88.6;26.13;19.39;49.44;22.4;3.85;44.89;33.79;339.55;38.9;108.53;18.49;28.25;7190.37
01.08.2000;340.63;21.1;44.84;34.5;36.4;216.37;58.1;89.7;24.33;17.24;45.75;24.1;4.04;45.36;31.35;293.89;41.85;117.25;17.1;29.3;7216.45
01.09.2000;333.01;20.02;39.43;35.5;38.7;201.39;50.53;85.77;22.57;18.64;41.47;22.97;3.93;43.74;29.56;320.52;39.8;94.16;15.14;31.15;6798.12
01.10.2000;359;23.2;48.09;38.67;39;199.29;54.35;88.51;22.72;19.12;41.47;23.57;4.03;49.18;30.95;353.81;47.4;96.9;16.8;33.8;7077.44
01.11.2000;359.9;21.78;47.62;42.67;34.5;174.12;44.6;76.1;23.69;20.84;38.59;23.3;4.06;49.95;30.65;358.47;49.1;84.95;14.66;32.5;6372.33
01.12.2000;357.3;24.09;52.58;37.17;34.9;185.15;44.74;81.68;26.76;20.69;36.15;23.1;4.27;49.37;26.97;362.43;47.8;89.93;16.4;31.7;6433.61
01.01.2001;330.72;23.65;50.15;36.08;37.74;195.69;51.05;95.45;24.28;18.9;42.8;24.08;4.06;52.83;32.74;332.79;43.1;100.33;19.98;31.85;6795.14
01.02.2001;322.8;24.48;49.97;41.67;37.65;171.96;53.36;81.86;22.42;17.83;49.25;24.29;4.27;49.66;32.18;335.31;41.42;80.98;19.76;35.97;6208.24
01.03.2001;293.12;22.63;45.3;40;34.57;188.26;50.01;78.84;20.47;17.16;45.05;22.15;4.56;44.89;27.22;318.91;40.7;74.68;16.39;31.7;5829.95
01.04.2001;290.88;24.24;44.7;38.47;37.4;190.36;56.44;83.95;21.06;18.12;43.63;23.67;4.82;48.56;30.81;305.67;44;80.64;17.42;34.39;6264.51
01.05.2001;295.99;23.75;43.94;37.17;40.1;176.51;53.96;82.77;21.1;18.78;41.1;23.67;4.89;48.23;28.11;307.49;44.2;82.1;17.66;37.4;6123.26
01.06.2001;309.03;23.3;43.62;41.17;39.1;179.15;54.25;77.23;18.14;19.77;37.45;22.67;4.63;47.91;25.18;313.11;46.98;70.25;15.41;36.39;6058.38
01.07.2001;287.73;23.25;44.47;44.93;40.4;156.74;56.72;72.94;18.73;20;39.46;24;4.74;46.8;25.5;311.49;49.07;62.36;15.71;35.49;5861.19
01.08.2001;276.36;22.5;33.27;44.2;35.35;163.75;47.95;69.26;16.73;19.17;36.24;23.6;4.71;44.91;24.58;300.17;46.3;54.32;14.81;31.75;5188.17
01.09.2001;222.3;19.43;29.59;41.67;28.03;108.01;32.69;54.93;10.24;18.16;30.99;21.22;4.38;40.61;18.41;268.69;44.1;40.59;11.23;26.37;4308.15
01.10.2001;234.67;18.8;31.05;41.65;33.04;110.58;38.75;56.38;11.41;18.48;34.01;21.91;4.5;42.46;19.39;279.15;43.9;52.16;11.93;28.4;4559.13
01.11.2001;236.64;21.45;34.28;41.33;36;114.54;46.56;65.7;13.99;17.78;39.11;21.37;5;45.12;21.4;284;41.64;63.96;15.5;32.98;4989.91
01.12.2001;238.44;20.88;33.69;42.5;39.15;104.71;48.35;72.45;14.46;18.57;39.84;21.17;5.19;43.45;23.64;290.04;42.2;72.05;16.29;34.85;5160.1
01.01.2002;234.4;22.5;34.99;46;42.85;114.3;46.95;65.81;16.56;18.97;42.05;21.51;5.47;47.75;26.47;262.51;43.27;66.43;16.25;36.82;5107.61
01.02.2002;233.03;22.21;34.68;42.2;42.6;114.18;46.41;61.96;17.4;18.12;38.74;22;5.53;50.15;27.21;268.21;41.53;65.6;17.24;36;5039.08
01.03.2002;244.71;23.3;36.56;46;45.63;123.89;52.3;67.47;17.03;18.63;39.71;23.58;5.47;54.29;28.47;271.61;43.08;73.65;17.92;40.5;5397.29
01.04.2002;234.36;23.78;34.23;44.83;44.01;120.05;51.48;67.16;16.74;18.45;40.54;24.13;5.52;51.81;26.21;261.57;42;65.42;16.69;35.79;5041.2
01.05.2002;215.85;24.9;32.75;42.12;45.87;115.5;52.54;70.49;14.33;17.81;33.28;25.43;5.33;50.62;24.53;234.19;40.85;63.96;17.25;38.15;4818.3
01.06.2002;183.27;23.58;30.54;41;41.11;91.1;49.14;64.24;14.04;18.75;36.74;23.57;5.1;48.3;21.27;228.27;40.1;58.9;15.21;32.9;4382.56
01.07.2002;130.24;19.5;23.71;35;38.45;68.93;43.86;53.03;11.89;15.94;30.99;20.84;4.47;45.34;19.9;185.66;33.86;48.94;13.13;33.62;3700.14
01.08.2002;117.42;21.02;22.8;32.27;38.54;66.77;44.07;57.66;12.56;16.77;33.06;23.27;4.61;40.59;20.79;176.61;37.45;46.57;13.36;32.9;3712.94
01.09.2002;77.67;17.95;16.42;32.99;32.51;40.04;33.9;42.02;9.29;15.26;27.15;21.77;4.27;34.57;13.28;101.47;29.8;32.95;11.13;26.7;2769.03
01.10.2002;95.09;18.72;18.03;37.1;36.05;43.33;34.75;40.24;11.29;14.46;28.35;21.35;4.49;36.88;11.98;122.75;31.39;46.31;10.51;27.75;3152.85
01.11.2002;100.57;19.35;21.63;33.29;34.11;56.04;36.64;45.99;10.82;13.73;27.01;20.37;4.15;36.1;15.13;133.16;28.25;47.84;11.88;29.69;3320.32
01.12.2002;81.26;18.04;19.24;35.37;28.92;44.65;29.35;40.06;8.56;12.27;26.19;20.18;4.11;33.43;13.09;108.43;24.7;39.25;10.59;25;2892.63
01.01.2003;66.23;17.26;15.42;33.37;27.26;40.34;28.48;36.02;8.45;13.49;21.01;18.81;3.82;28.91;13.78;84.65;25.63;36.97;10.24;28.5;2747.83
01.02.2003;59.57;16.91;11.53;33.57;26;35.48;28.4;34.4;7.66;12.64;16.39;18.88;4.15;25.39;13.41;79.49;20.48;35.64;8.86;27.2;2547.05
01.03.2003;40.7;17.06;11.75;34.12;25.44;37.16;26.79;35.13;7.94;12.06;19.48;18.78;4.03;27.84;13.97;49.93;20.5;36.63;7.32;21.94;2423.87
01.04.2003;63.35;19.99;15.39;37.13;29.87;53.04;28.9;42.28;9.2;13.69;20.39;19.39;4.54;32.24;16.24;85.12;24.1;43.29;9.12;22.85;2942.04
01.05.2003;64.4;18.43;16.35;39.16;29.37;58.44;26.75;45.44;8.94;13.98;17.68;18.43;4.36;26.98;14.4;87.25;24.69;39.05;9;21.75;2982.68
01.06.2003;72.38;18.6;18.99;38.8;33.5;73;30.4;51.54;9.94;14.29;17.35;17.97;4.2;30.79;14.65;84.44;26.29;41.4;9.98;26.11;3220.58
01.07.2003;95;21.23;19.95;35.75;34.46;80.62;32.09;52.79;11.07;14.69;24.09;18.65;4.07;36.13;17.79;96.16;25.2;48.74;11.52;26.71;3487.86
01.08.2003;81.21;20.97;18.32;38.57;35.99;76.3;34.69;48.03;12.14;15.04;30.24;19.31;4.23;36.4;19.9;88.64;24.53;54.65;12.27;30.3;3484.58
01.09.2003;75.8;18.85;17.46;36.58;32.45;75.04;30.14;47.68;11.01;13.38;28.44;19.58;4.41;33.77;18.24;81.14;22.84;49.56;11.45;26.64;3256.78
01.10.2003;92.22;19.73;19.45;32.34;34.45;101.89;32.09;51.77;13.15;13.88;33.18;21.09;4.66;37.68;23.73;102.59;23.9;56.2;14.26;29.29;3655.99
01.11.2003;93.88;20.63;21.21;31.2;36.73;96.74;31.78;53.07;12.43;15.1;30.83;20.64;4.62;38.54;22.55;94.83;26.9;58.98;15.36;27.44;3745.95
01.12.2003;100.08;22.29;21.85;32.07;36.75;93.2;37;59.95;12.92;16.52;30.25;20.67;5.16;40.78;23.93;96.12;31.37;61.53;15.57;28.75;3965.16
01.01.2004;102.95;22.2;22.94;31.23;35.19;92.96;38.25;57.39;14.09;16.43;31.83;21.82;5.48;43.16;27.2;95.31;32.42;62.98;16.16;27.43;4058.6
01.02.2004;100.26;21.4;21.46;29.47;34.38;93.68;36.15;62.96;14.04;17.37;32.5;22.66;6.24;40.39;28.03;93.85;35.54;60.13;15.5;25.71;4018.16
01.03.2004;88.61;20.67;18.64;28.87;33.09;82.71;33.98;61.73;12.93;17.11;33.18;22.44;6.15;41.15;28.86;90.37;36.53;58.21;15.03;24.05;3856.7
01.04.2004;88.51;21.52;21.39;30.35;35.97;86.19;37.39;62.73;13.06;17.65;33.98;24.09;6.6;43.57;30.49;90.21;36.21;58.38;14.39;25.01;3985.21
01.05.2004;85.83;21.07;22.02;31.05;34.9;80.44;36.66;59.14;11.31;18.18;32.27;22.9;6.21;40.82;30.01;83.94;36.18;56.25;13.61;24.1;3921.41
01.06.2004;89.03;22;22.3;32.02;36.37;86.79;38.4;58.93;11.18;18.93;36.97;23.39;6.61;43.21;29.84;89.1;38.65;57.28;13.92;23.76;4052.73
01.07.2004;80.3;22.14;20.87;32.2;36.92;85.35;37.11;52.7;9.81;18.88;34;20.32;7.29;43.07;30.68;79.78;40.7;56.5;14.73;23.13;3895.61
01.08.2004;79.19;22.21;19.73;26.63;33.89;80.91;34.14;51;9.57;18.61;32.67;19.87;7.73;42.05;27.71;77.73;40.25;54.49;15.19;21.8;3785.21
01.09.2004;81.09;23.73;20.72;25.46;33.1;89.73;33.2;52.81;9.37;18.96;33.81;19.72;8.21;44.31;27.4;77.56;38.48;57.38;15.59;21.91;3892.9
01.10.2004;83.38;24.45;20.9;24.81;33.15;85.89;32.38;54.37;10.33;20.36;34.83;19.56;7.74;45.22;26.97;76.68;41.52;56.54;14.61;25.18;3960.25
01.11.2004;94.01;25.32;22.43;26.97;31.78;89.97;33.65;58.17;10.62;20.22;38.69;21.23;8.99;43.88;28.36;85.35;39.99;58.38;16.1;24.64;4126
01.12.2004;97.6;26.5;23.47;28.53;33.2;90.86;35.26;59.6;10.55;21.41;39.99;21.33;9.27;43.99;28.2;90.45;40.7;60.45;16.1;24.41;4256.08
01.01.2005;90.95;26.2;24.39;28.92;32.17;97.82;34.88;59.54;10.72;21.94;46.58;22.93;9.11;46.49;31.59;87.67;44.23;58.96;16.29;27.47;4254.85
01.02.2005;95.62;28.27;26.4;28.8;32.35;101.29;34.99;60.5;10.85;21.69;44.98;22.52;10.09;49.66;34.78;93.3;45.85;57.4;17.23;27.67;4350.49
01.03.2005;97.95;27.35;25.47;28.7;35.05;100.33;34.53;60.73;11.12;21.13;44.76;23.25;10.34;50.62;34.33;92.94;46.65;59.16;15.79;27.82;4348.77
01.04.2005;92.24;25.06;25.36;28;32.7;101.59;30.35;57.54;9.96;20.81;41.5;22.26;9.29;48.88;32.37;84.8;46.12;54.88;14.12;24.35;4184.84
01.05.2005;95.74;26.96;27.29;28.9;35.2;106.15;32.61;57.65;10.25;22.46;48.02;24.92;10.25;52.71;35.72;88.92;49.65;57.51;14.84;26.17;4460.63
01.06.2005;94.97;27.5;27.59;30.92;37.73;107.65;33.58;59.05;10.16;23.52;54.87;24.67;10.85;53.31;34.16;88.12;53.38;58.47;14.3;29.32;4586.28
01.07.2005;104.82;29.3;29.48;31.33;38.76;110.46;40.12;65.24;10.33;24.39;54.94;25.85;12.27;55.42;38.24;96.03;55.26;61.68;15.4;34.06;4886.5
01.08.2005;104.9;28.4;28.61;31.67;36.42;126.35;41.7;64.07;10.83;24.69;54.09;25.58;12.1;57.34;40.69;90.8;54.18;59.63;15.42;32.19;4829.69
01.09.2005;112.34;31.25;30.49;31.83;39.06;136.06;44.14;71.01;11.03;24.4;55.33;25.22;13.92;58.54;42.47;95;55.05;62.11;17.26;37.98;5044.12
01.10.2005;117.83;30.08;28.97;30.05;36.2;130.9;41.79;71.29;11.16;24.13;57.87;23.97;12.97;56.77;38.54;98;53.28;60.14;16.84;33.9;4929.07
01.11.2005;123.49;31.33;33.86;34.2;37.32;150.56;42.94;75.85;11.39;25.8;68.2;27.27;12.73;58.02;42.1;110.86;58.7;62.35;16.99;32.55;5193.4
01.12.2005;127.94;32.35;35.29;34.67;37.05;155.96;43.14;74.73;12.51;27.9;69.41;28.33;12.1;62.81;44.86;114.38;62.55;70.16;17.51;32.5;5408.26
01.01.2006;132.65;32.43;34.37;35.17;37.23;167.76;47.26;80.64;13.05;29.35;77.34;30.72;13.34;63.95;47.06;111.73;67.82;72.74;21.06;35.46;5674.15
01.02.2006;135.4;31.63;33.79;38;40.34;183.05;46.5;84.36;13.86;29.65;83.24;30.81;14.91;63.46;52.63;113.75;71.86;74.62;21.25;43.24;5796.04
01.03.2006;137.78;32.35;33.06;39.67;45.45;197.07;47.4;86;14.77;28.99;86.88;32.16;15.78;68.43;56.99;117;71.82;74.65;23.83;45.29;5970.08
01.04.2006;132.7;33.98;36.61;39.98;43.11;196.89;43.46;88.8;14.62;30.81;89.46;31.77;16.97;67.77;59.8;112.32;68.72;72.68;26.13;44;6009.89
01.05.2006;121.4;31.75;35.04;37.33;40.14;175.62;41;81.71;13.64;30;85.18;29.28;15.43;61.63;55.84;105.75;66.64;65.04;26.75;39.28;5692.86
01.06.2006;123.52;31.39;35.94;39.27;39.06;170.46;38.63;80.3;14.4;30.01;81.16;29.79;14.95;60.25;56.35;106.81;65.05;65.92;26.77;39.5;5683.31
01.07.2006;122.98;31.51;38.57;41.24;40.41;164.47;40.41;82.35;14.63;31.46;89.79;31;13.93;66.15;56.32;107.83;68.77;61.16;27.4;41.94;5681.97
01.08.2006;132.37;32.17;38.67;43.2;40.44;163.63;41.2;81.35;15.46;33.05;89.92;33.23;14.33;68.89;59.42;117.58;71.54;64.13;26.58;44.34;5859.57
01.09.2006;136.48;31.58;40.2;41.97;42.24;159.13;39.41;86.83;16.71;31.16;94.9;36.55;14.98;74.29;66.42;124.71;72.75;66.67;26.57;46.65;6004.33
01.10.2006;145.42;34.53;39.45;44.5;45;166.68;44.7;89.98;18.07;31.33;96.84;34.98;17.57;77.66;69.31;127.18;77.43;68.32;29.08;51.75;6268.92
01.11.2006;146.95;34.84;38.93;44.56;41.66;162.85;43.84;88.85;18.8;32.32;97.81;36.01;17.45;74.39;71.64;123;85.61;69.64;29.14;52.4;6309.19
01.12.2006;154.76;36.92;40.66;49.12;43.51;172.92;46.8;92.47;20.85;34.28;102.31;37.16;19.48;78.26;68.13;130.42;83.5;72.81;35.69;56.55;6596.92
01.01.2007;153;36.97;45.2;51.55;46.8;194.38;47.66;98.95;21.46;34.75;103.97;39.93;19.76;82.18;80.33;121;80;81.89;36.21;56.8;6789.11
01.02.2007;162.78;38.42;43.47;49;43.91;187;51.41;90.56;20.46;33.05;101.28;35.59;19.32;77.01;80.84;120.43;77.1;77.28;37.05;66.65;6715.44
01.03.2007;153.71;42.14;47.84;51.05;44.17;198.51;61.4;92.01;20.33;33.93;101.91;36.89;19.52;80.65;86.68;126.61;79.19;77.54;37.04;77.03;6917.03
01.04.2007;166.7;43.72;50.41;53.05;45.32;220.27;59.87;103.38;22.06;36.77;108.88;38.53;22.85;82.34;97.96;131.09;77.61;86.44;39.59;74.54;7408.87
01.05.2007;165;46.02;53.49;53.41;49.77;219.13;68.15;103.16;21.53;40.73;110.16;38.55;25.29;82.12;107.84;139.9;84.2;94.91;43.42;73.18;7883.04
01.06.2007;173.59;48.62;56.1;52.84;48.01;212.72;68.59;98.37;20.76;41.43;104.01;39.09;27.03;89.25;106.76;136.19;78.99;103.27;44.13;77.15;8007.32
01.07.2007;156.39;47.65;52.27;51.3;45.83;189.88;66.89;92.07;20.68;38.6;99.85;39.84;25.84;86.86;107.12;126.84;78.13;90.67;41.01;83.05;7584.14
01.08.2007;157.32;48.57;57.92;49.27;44.63;180.35;65.18;82.7;21.42;41.05;101.45;37.81;24.98;86.15;105.29;126.78;82.54;89.34;42.9;91.85;7638.17
01.09.2007;163.85;48.5;55.82;52.52;45.23;170.16;70.64;82.47;20.17;43.22;95.48;36.09;30.47;87.09;102.05;134.77;88.2;93.43;44.66;96.5;7861.51
01.10.2007;155.22;47.75;57.54;54.71;46.23;175.5;75.95;83.99;20.39;44.97;101.62;35.23;34.2;87.34;123.2;132.42;94.24;90.82;46;131;8019.22
01.11.2007;141;47.38;56.34;55.01;41.7;162.43;69.55;81.93;18.45;46.44;103.02;37.76;33.01;89.42;110;124.52;93.38;100.51;40.3;103.69;7870.52
01.12.2007;147.95;50.71;62.53;53;42.35;157.39;66.5;81.58;18.22;48.53;97.76;38.43;38.57;90.45;113.8;132.94;96;105.49;38.35;100;8067.32
01.01.2008;119.46;43.61;54.83;51.55;36.8;121.43;52.19;68.58;15.97;41.2;92.53;30.55;39.88;87.47;82.33;120.27;82.46;83.51;32.74;92.9;6851.75
01.02.2008;117.5;41.99;50.85;52.95;36.18;120.35;55.79;67.76;15.49;41.4;97.35;29.21;45.69;87.82;87.22;116.39;79.87;82.77;38.15;91.93;6748.13
01.03.2008;125.48;42.66;50.76;53.29;34.99;118.68;54.15;65.42;17.13;39.09;100.59;29.28;49.13;89.49;84.14;123.88;77.86;66.52;36.24;105.25;6534.97
01.04.2008;130.93;45.83;54.8;54.69;35.25;139.65;49.93;70.23;16.87;43.57;99.64;27.35;63.89;94.1;89.74;124.26;73.94;73.23;40.23;105.99;6948.82
01.05.2008;121.69;48.19;57;50.67;38.07;136;48.92;62.71;16.67;45.59;101.59;30.73;71.42;96.59;100.26;120.5;83.09;70.66;43.43;97.46;7096.79
01.06.2008;111.9;43.82;53.46;46.77;30.55;112.92;39.28;50.05;13.7;42.72;85.01;25.31;86.82;89.3;70.51;111.26;80.23;68.34;39.88;92.03;6418.32
01.07.2008;109.32;40.69;55.42;41.5;28.91;124.55;37.33;54.37;14.77;40.82;70.7;25.65;75.45;88.88;64.7;106.8;76.96;76.32;35.91;100.38;6479.56
01.08.2008;114.1;39.38;54.01;39.65;28;120.41;39.9;53.11;14.7;39.85;71.02;26.76;78.5;86.01;66.85;106.18;73.63;71.96;34.21;105.3;6422.3
01.09.2008;96.28;33.75;51.8;44.81;27.29;62.33;35.4;45.2;13.8;35.58;68.77;25.85;46.11;75.48;47.3;106.21;67.5;63.71;21.03;88.03;5831.02
01.10.2008;58.02;26.07;43.16;41.1;20.11;50.53;26.81;26.86;10.94;29.66;53.72;22.51;29.09;65.11;38.73;102.9;64.79;45.02;15.01;48.5;4987.97
01.11.2008;65.21;25.1;40.68;43.5;19.68;43.24;24.66;25.53;10.34;27.53;34.47;22.2;33.43;57.43;35.65;106.96;66.08;45.61;15.96;32;4669.44
01.12.2008;75;27.73;41.55;42;21.61;39.8;26.7;25.39;11.19;28.44;29.24;22.59;37.89;59.85;38.72;111;63.7;51.05;18.96;38.02;4810.2
01.01.2009;66.1;22.72;41.61;38.4;18.61;21.31;22;18.89;9.5;25.24;27.99;20.19;35.22;52.25;34.12;103.7;60.87;42.62;15.94;38.75;4338.35
01.02.2009;53.63;21.96;38.08;32.99;19.75;16.72;18.01;18.96;8.7;20.41;19.37;18.66;33.68;50.98;32.08;96.96;49.97;39.08;14.2;35.62;3843.74
01.03.2009;63.26;22.79;36;33.79;21.79;24.09;19.08;27.65;8.17;20.91;22.75;20.48;33.11;51.18;32.8;91.8;52.81;41.68;13.17;43.34;4084.76
01.04.2009;69.74;28.57;37.61;31.16;26.25;30.93;27.15;37.09;9.66;25.64;29.42;20.53;43.18;60.33;46.99;104.63;54.59;49.45;16.24;48;4769.45
01.05.2009;69.4;29.75;40.2;34.71;25.4;33.15;25.85;43.16;9.77;24.93;23.52;21.75;49.75;58.66;43.09;99;58.61;49.85;17.99;50.48;4940.82
01.06.2009;65.63;28.33;38.22;33.51;26.84;26.55;25.78;39.41;8.93;25.22;27.02;22.23;37.95;58.43;43.7;96.19;56.09;47.64;17.69;49.76;4808.64
01.07.2009;69.2;35.16;43.06;35.33;32.43;32.97;32.47;41.42;9.48;26.56;28.22;25.8;37.33;66.22;48.5;106.09;59.25;54.27;21.6;54.99;5332.14
01.08.2009;80.62;36.39;42.83;35.4;31.78;38.6;31.53;43.21;11.2;29.51;37.72;27.56;33.52;70.1;53.3;104.03;64.6;58.58;23.7;65.47;5464.61
01.09.2009;85.37;36.21;47.35;40.13;32.95;51.94;34.41;47.85;12.11;28.98;44.24;29.42;35.35;74.08;56.4;109.03;63.47;61.32;23.53;79.59;5675.16
01.10.2009;78.04;36.5;47.23;41.9;33.3;42.56;33.08;45.22;10.5;26.09;40.73;30.96;35.25;71.39;55.98;107.64;59.7;59.57;21.9;67.67;5414.96
01.11.2009;81.82;40.16;50.99;43.31;31.43;37.28;33.72;43.85;10.63;26.34;44.2;33.55;40.12;81.88;54.5;104.43;61.13;63.24;24.27;56.5;5625.95
01.12.2009;87.15;43.46;55.96;45.93;31.8;35.27;37.23;45.09;11.75;29.23;48.23;36.43;39.99;84.16;54.44;108.67;67.96;62.22;26.4;65.74;5957.43
01.01.2010;80.42;41.23;49.48;42.28;30.96;33.79;33.42;40.49;11.63;26.66;43.77;36.89;40.82;79.4;48.56;108.5;64.24;63.02;22.99;58.6;5608.79
01.02.2010;84.8;41.24;48.67;45.03;29.79;32.83;30.66;42.55;10.96;26.16;37.42;37.84;44.62;82.69;52.51;113.65;62.28;61.04;23.25;59.8;5598.46
01.03.2010;92.83;45.92;50.08;44.29;34.18;38.01;34.85;52.04;12.28;27.34;41.3;39.86;44.93;88.34;61.98;120.15;65.6;71.85;25.46;67.9;6153.55
01.04.2010;86.52;43.98;48.08;42.61;37.13;35.57;38.82;47.69;12.55;27.76;46.77;40.23;43.33;90.15;71.19;106.2;61.86;72.04;24.62;72.54;6135.7
01.05.2010;81.38;43.06;45.5;44.38;37.97;34.83;41;44.16;10.79;24.73;44.14;38.33;36.6;83.88;69.78;103.5;58.34;71.73;21.95;71.73;5964.33
01.06.2010;81.85;45.11;46;45.17;40.07;34.61;41.92;42.61;11.39;22.18;39.17;40.1;37.88;86.51;67.95;103.35;53.72;71.73;20.35;72.38;5965.52
01.07.2010;89.1;44.81;44.12;45.45;41.31;41.6;41.38;48.91;12.48;22.9;38.65;38.09;40.74;89.95;71.23;106.3;54.19;72.47;22.77;81.31;6147.97
01.08.2010;80.94;41.64;48.18;42.19;41.67;37.23;38.36;45.24;12.46;22.21;31.65;37.1;41.28;88.9;67.89;100.8;51.68;69.56;21.6;78.53;5925.22
01.09.2010;82.9;46.26;51.15;44.9;51.44;36.44;46.46;40.15;13.49;21.63;35.35;39.4;43.92;95.48;79.96;101.6;49.55;75.03;23.92;88.53;6229.02
01.10.2010;90.04;52.28;53.62;46.81;51.51;38.81;47.43;41.42;15.38;22.5;37.59;42.38;50.01;103.45;79;112.35;51.5;79.54;26.44;108;6601.37
01.11.2010;84.5;57.5;55.95;44.73;57.93;33.62;49.87;36.6;16.4;22.11;41.86;47.25;51.41;107.6;90.52;107;47.96;81.68;29.42;123.8;6688.49
01.12.2010;88.93;59.7;55.3;41.53;58.85;33.29;50.73;39.1;16.36;22.94;46.9;46.54;56.36;113.55;88.99;113.45;49.89;89.83;30.99;121.4;6914.19
01.01.2011;101.45;56.18;53.86;40.02;56.08;33.35;53.42;43.17;15.35;24.35;47.73;44.54;53.99;106.45;84.44;114.4;52.61;90.73;29.56;118;7077.48
01.02.2011;104.4;60.26;56.18;43.5;58.78;37.44;51.05;46.58;14.82;23.78;50.73;43.66;55.95;110.6;92.01;120.95;48.91;94.57;30.13;122.9;7272.32
01.03.2011;99.03;61.03;54.64;43.07;58.75;32.96;49.85;41.49;14.96;21.55;49.29;43.71;53.27;111.45;88;111;44.95;93.72;28.83;114.45;7041.31
01.04.2011;106.3;69.4;59.35;43.97;63.67;25.77;52.19;44.1;15.32;23.08;51.63;45.98;54.63;121.6;94.09;111.45;44.06;95.18;31.07;133;7514.46
01.05.2011;96.18;64.26;56.95;46.05;61.48;23.78;49.11;41.42;15.14;19.74;48.33;49.16;55.36;117.55;96.8;106.6;40.53;90.12;33.01;123.4;7293.69
01.06.2011;96.33;67.57;55.44;44.75;68.81;22.21;51.9;40.75;15.03;19.59;44.03;47.87;53;120.9;91.96;105.45;38.24;91.77;35.84;142.35;7376.24
01.07.2011;91.06;63.22;55.93;44.91;69.82;19.88;50.66;38.52;14.05;19.22;38.45;47.02;55.77;125;82.84;103.05;36.55;86.61;30.85;139.45;7158.77
01.08.2011;71.73;49.67;44.89;40.94;56.35;15.47;37.67;28.25;11.8;15.26;29.93;41.16;49;106.6;63.07;90.87;26.15;69.65;23.51;115.95;5784.85
01.09.2011;70.86;46.09;41.45;40.13;49.97;14.2;33.63;26.32;9.76;16.36;27.41;40;39.58;100.75;58.39;93.55;27.72;66.01;18.55;100.05;5502.02
01.10.2011;81.21;53.19;46.3;41.79;59.06;13.34;37;30.35;9.87;17.51;32.98;43.11;46;114.95;64.09;97.46;30.95;73.86;20.86;126.8;6141.34
01.11.2011;76.98;54.04;48.76;42.53;55.98;10.39;33.61;28.62;9.61;18.36;31.2;44.18;40.29;114.2;64.21;93.75;30.73;72.67;19.12;127.65;6088.84
01.12.2011;73.91;53.89;49.4;43.82;51.76;9.75;33.92;29.44;9.19;16.67;32.79;44.59;34.92;114.95;68.7;94.78;27.15;71.65;17.73;115.75;5898.35
01.01.2012;84.06;58.78;53.54;45.9;65.39;13.68;42.25;32.39;10.57;16.35;37.58;47.15;36.46;121.3;80.36;99.6;29.24;69.91;21.67;135.35;6458.91
01.02.2012;91.03;65.9;55.5;47.01;69.43;14.11;45.4;35.06;10.42;17.27;40.41;48.85;37.48;124.8;86.5;109.45;34.2;72.54;20.26;140.35;6856.08
01.03.2012;89.47;65.59;52.74;48.93;67.43;14.19;45.21;37.31;10.5;17.96;45.39;54.94;39.23;134.55;99.83;113.05;35.81;73.25;18.67;131.85;6946.83
01.04.2012;84.18;62.19;53.21;53;71.81;12.23;41.77;32.87;9.83;17.11;41.54;56.2;37.76;129.3;95.44;109.65;32.48;67.8;17.9;143.1;6761.19
01.05.2012;73.11;56.38;51.14;50.98;61.1;9.98;37.43;29.09;8.48;14.78;35.08;52.69;32.25;124.1;77.38;100.25;29.54;64.45;13.35;129.1;6264.38
01.06.2012;79.11;54.7;56.78;51.15;56.93;9.99;35.35;28.5;9.11;17;37.77;52.37;36;122.65;80.54;111.15;32.17;64.09;12.84;124.6;6416.28
01.07.2012;81.09;59.48;61.91;53.92;60.77;9.48;40.71;24.88;10.25;17.35;37.86;58.5;40.22;121.05;76.31;115.6;32;66.96;14.97;139;6772.26
01.08.2012;87.27;61.81;61.67;57;57.66;9.42;39;28.28;9.81;18.29;40.17;60.09;38.9;125.25;73.38;117.7;33.35;73.08;15.84;140.4;6970.79
01.09.2012;92.59;65.65;66.83;57.1;56.91;10.39;37.67;30.75;10.55;18.47;40.77;61.89;38.27;134;71.25;121.5;34.82;75.21;16.54;141.95;7216.15
01.10.2012;95.66;63.93;67.19;56.11;61.45;11.05;36.03;34.97;11.79;17.53;40.89;61.61;36.5;129.75;77.81;124;35.26;75.14;17.56;159.6;7260.63
01.11.2012;99.95;68.9;69.55;60.3;68.19;10.33;37.98;33.94;12.76;13.85;41.79;64.25;34.74;132.95;80.8;131.25;32.07;76.84;15.57;166.45;7405.5
01.12.2012;104.8;71.15;71.89;61.88;72.93;10.73;41.32;32.95;14.24;14.09;45.83;62.2;35;132;80.75;136;31.24;79.65;17.76;172.15;7612.39
01.01.2013;105.35;74.66;72.68;64.65;74.15;12.07;42.88;38.21;14.63;12.81;46.39;65.03;33.25;134.4;88.8;135.35;27.71;78.34;17.89;182.15;7776.05
01.02.2013;104.7;72.18;75.86;66.79;70.7;10.57;45.67;35.09;15.45;12.79;52.82;67.51;36.01;138.9;88;137.7;28.14;77.15;17.27;167.25;7741.7
01.03.2013;105.95;68.32;80.47;72.04;67.31;8.56;42.45;30.42;15.24;13.62;56.06;75.09;36.28;145.05;83.87;145.9;29.08;81.43;15.87;155;7795.31
01.04.2013;112.05;70.92;79.22;68.73;70.05;7.64;42.02;34.91;15.18;13.76;54.67;71.6;33.57;143.6;85.05;151.85;27.34;76.84;13.74;153.9;7913.71
01.05.2013;119.75;75.23;82.89;69.53;73.69;8.08;49.41;36.075;16.63;13.06;58.49;74.6;32.51;148.05;85.61;144.65;26.455;79.08;15.455;168.95;8348.84
01.06.2013;112.25;68.63;81.93;67;67.18;6.698;46.485;32.155;15.595;12.61;51.67;72.25;28.405;143.35;83.9;141.4;24.52;75.25;15.095;155.55;7959.22
01.07.2013;117.2;66.66;87.35;69.52;73.59;6.428;52.22;33.905;15.05;12.755;57.74;73.64;18.525;144.8;85.66;149.2;22.615;82.31;16.35;178.65;8275.97
01.08.2013;108.4;66.13;84.04;65.2;71.29;8.796;51.92;32.76;13.505;11.98;52.55;73.3;18.365;145.5;86.56;137.9;20.795;80.09;15.905;172.1;8103.15
01.09.2013;116.2;70.9;87.16;65.64;79.47;8.51;57.62;33.94;14.415;13.15;57.01;76.17;19.16;146.4;88.14;144.45;25.14;89.06;17.68;174.25;8594.4
01.10.2013;123.9;76.63;91.54;70.31;83.54;9.469;60.44;35.63;14.265;13.455;58.06;79.7;18.79;139.95;88.75;153.9;27.19;94.18;18.825;187.2;9033.92
01.11.2013;127.85;78.6;98.2;74.73;84.57;10.94;61;35.49;15.985;14.16;57.57;83.45;20.59;150.3;89.47;161;28.26;97.2;19.265;195.3;9405.3
